Subject,Start Date,Start Time,End Date,End Time,All Day Event,Description,Location,Private
Sunset,1/1/2014,17:41:33 PM,1/1/2014,18:11:33 PM,FALSE,Sunset Calendar,530 NW 2nd Street Gainesville FL 32601 USA,FALSE
Sunset,1/2/2014,17:42:16 PM,1/2/2014,18:12:16 PM,FALSE,Sunset Calendar,530 NW 2nd Street Gainesville FL 32601 USA,FALSE
Sunset,1/3/2014,17:43:00 PM,1/3/2014,18:13:00 PM,FALSE,Sunset Calendar,530 NW 2nd Street Gainesville FL 32601 USA,FALSE
Sunset,1/4/2014,17:43:44 PM,1/4/2014,18:13:44 PM,FALSE,Sunset Calendar,530 NW 2nd Street Gainesville FL 32601 USA,FALSE
Sunset,1/5/2014,17:44:29 PM,1/5/2014,18:14:29 PM,FALSE,Sunset Calendar,530 NW 2nd Street Gainesville FL 32601 USA,FALSE
Sunset,1/6/2014,17:45:15 PM,1/6/2014,18:15:15 PM,FALSE,Sunset Calendar,530 NW 2nd Street Gainesville FL 32601 USA,FALSE
Sunset,1/7/2014,17:46:02 PM,1/7/2014,18:16:02 PM,FALSE,Sunset Calendar,530 NW 2nd Street Gainesville FL 32601 USA,FALSE
Sunset,1/8/2014,17:46:49 PM,1/8/2014,18:16:49 PM,FALSE,Sunset Calendar,530 NW 2nd Street Gainesville FL 32601 USA,FALSE
Sunset,1/9/2014,17:47:37 PM,1/9/2014,18:17:37 PM,FALSE,Sunset Calendar,530 NW 2nd Street Gainesville FL 32601 USA,FALSE
Sunset,1/10/2014,17:48:25 PM,1/10/2014,18:18:25 PM,FALSE,Sunset Calendar,530 NW 2nd Street Gainesville FL 32601 USA,FALSE
Sunset,1/11/2014,17:49:14 PM,1/11/2014,18:19:14 PM,FALSE,Sunset Calendar,530 NW 2nd Street Gainesville FL 32601 USA,FALSE
Sunset,1/12/2014,17:50:04 PM,1/12/2014,18:20:04 PM,FALSE,Sunset Calendar,530 NW 2nd Street Gainesville FL 32601 USA,FALSE
Sunset,1/13/2014,17:50:53 PM,1/13/2014,18:20:53 PM,FALSE,Sunset Calendar,530 NW 2nd Street Gainesville FL 32601 USA,FALSE
Sunset,1/14/2014,17:51:44 PM,1/14/2014,18:21:44 PM,FALSE,Sunset Calendar,530 NW 2nd Street Gainesville FL 32601 USA,FALSE
Sunset,1/15/2014,17:52:34 PM,1/15/2014,18:22:34 PM,FALSE,Sunset Calendar,530 NW 2nd Street Gainesville FL 32601 USA,FALSE
Sunset,1/16/2014,17:53:25 PM,1/16/2014,18:23:25 PM,FALSE,Sunset Calendar,530 NW 2nd Street Gainesville FL 32601 USA,FALSE
Sunset,1/17/2014,17:54:16 PM,1/17/2014,18:24:16 PM,FALSE,Sunset Calendar,530 NW 2nd Street Gainesville FL 32601 USA,FALSE
Sunset,1/18/2014,17:55:07 PM,1/18/2014,18:25:07 PM,FALSE,Sunset Calendar,530 NW 2nd Street Gainesville FL 32601 USA,FALSE
Sunset,1/19/2014,17:55:59 PM,1/19/2014,18:25:59 PM,FALSE,Sunset Calendar,530 NW 2nd Street Gainesville FL 32601 USA,FALSE
Sunset,1/20/2014,17:56:50 PM,1/20/2014,18:26:50 PM,FALSE,Sunset Calendar,530 NW 2nd Street Gainesville FL 32601 USA,FALSE
Sunset,1/21/2014,17:57:42 PM,1/21/2014,18:27:42 PM,FALSE,Sunset Calendar,530 NW 2nd Street Gainesville FL 32601 USA,FALSE
Sunset,1/22/2014,17:58:34 PM,1/22/2014,18:28:34 PM,FALSE,Sunset Calendar,530 NW 2nd Street Gainesville FL 32601 USA,FALSE
Sunset,1/23/2014,17:59:26 PM,1/23/2014,18:29:26 PM,FALSE,Sunset Calendar,530 NW 2nd Street Gainesville FL 32601 USA,FALSE
Sunset,1/24/2014,18:00:17 PM,1/24/2014,18:30:17 PM,FALSE,Sunset Calendar,530 NW 2nd Street Gainesville FL 32601 USA,FALSE
Sunset,1/25/2014,18:01:09 PM,1/25/2014,18:31:09 PM,FALSE,Sunset Calendar,530 NW 2nd Street Gainesville FL 32601 USA,FALSE
Sunset,1/26/2014,18:02:01 PM,1/26/2014,18:32:01 PM,FALSE,Sunset Calendar,530 NW 2nd Street Gainesville FL 32601 USA,FALSE
Sunset,1/27/2014,18:02:53 PM,1/27/2014,18:32:53 PM,FALSE,Sunset Calendar,530 NW 2nd Street Gainesville FL 32601 USA,FALSE
Sunset,1/28/2014,18:03:44 PM,1/28/2014,18:33:44 PM,FALSE,Sunset Calendar,530 NW 2nd Street Gainesville FL 32601 USA,FALSE
Sunset,1/29/2014,18:04:36 PM,1/29/2014,18:34:36 PM,FALSE,Sunset Calendar,530 NW 2nd Street Gainesville FL 32601 USA,FALSE
Sunset,1/30/2014,18:05:27 PM,1/30/2014,18:35:27 PM,FALSE,Sunset Calendar,530 NW 2nd Street Gainesville FL 32601 USA,FALSE
Sunset,1/31/2014,18:06:18 PM,1/31/2014,18:36:18 PM,FALSE,Sunset Calendar,530 NW 2nd Street Gainesville FL 32601 USA,FALSE
Sunset,2/1/2014,18:07:09 PM,2/1/2014,18:37:09 PM,FALSE,Sunset Calendar,530 NW 2nd Street Gainesville FL 32601 USA,FALSE
Sunset,2/2/2014,18:08:00 PM,2/2/2014,18:38:00 PM,FALSE,Sunset Calendar,530 NW 2nd Street Gainesville FL 32601 USA,FALSE
Sunset,2/3/2014,18:08:50 PM,2/3/2014,18:38:50 PM,FALSE,Sunset Calendar,530 NW 2nd Street Gainesville FL 32601 USA,FALSE
Sunset,2/4/2014,18:09:40 PM,2/4/2014,18:39:40 PM,FALSE,Sunset Calendar,530 NW 2nd Street Gainesville FL 32601 USA,FALSE
Sunset,2/5/2014,18:10:30 PM,2/5/2014,18:40:30 PM,FALSE,Sunset Calendar,530 NW 2nd Street Gainesville FL 32601 USA,FALSE
Sunset,2/6/2014,18:11:20 PM,2/6/2014,18:41:20 PM,FALSE,Sunset Calendar,530 NW 2nd Street Gainesville FL 32601 USA,FALSE
Sunset,2/7/2014,18:12:09 PM,2/7/2014,18:42:09 PM,FALSE,Sunset Calendar,530 NW 2nd Street Gainesville FL 32601 USA,FALSE
Sunset,2/8/2014,18:12:58 PM,2/8/2014,18:42:58 PM,FALSE,Sunset Calendar,530 NW 2nd Street Gainesville FL 32601 USA,FALSE
Sunset,2/9/2014,18:13:46 PM,2/9/2014,18:43:46 PM,FALSE,Sunset Calendar,530 NW 2nd Street Gainesville FL 32601 USA,FALSE
Sunset,2/10/2014,18:14:35 PM,2/10/2014,18:44:35 PM,FALSE,Sunset Calendar,530 NW 2nd Street Gainesville FL 32601 USA,FALSE
Sunset,2/11/2014,18:15:22 PM,2/11/2014,18:45:22 PM,FALSE,Sunset Calendar,530 NW 2nd Street Gainesville FL 32601 USA,FALSE
Sunset,2/12/2014,18:16:10 PM,2/12/2014,18:46:10 PM,FALSE,Sunset Calendar,530 NW 2nd Street Gainesville FL 32601 USA,FALSE
Sunset,2/13/2014,18:16:57 PM,2/13/2014,18:46:57 PM,FALSE,Sunset Calendar,530 NW 2nd Street Gainesville FL 32601 USA,FALSE
Sunset,2/14/2014,18:17:44 PM,2/14/2014,18:47:44 PM,FALSE,Sunset Calendar,530 NW 2nd Street Gainesville FL 32601 USA,FALSE
Sunset,2/15/2014,18:18:30 PM,2/15/2014,18:48:30 PM,FALSE,Sunset Calendar,530 NW 2nd Street Gainesville FL 32601 USA,FALSE
Sunset,2/16/2014,18:19:16 PM,2/16/2014,18:49:16 PM,FALSE,Sunset Calendar,530 NW 2nd Street Gainesville FL 32601 USA,FALSE
Sunset,2/17/2014,18:20:02 PM,2/17/2014,18:50:02 PM,FALSE,Sunset Calendar,530 NW 2nd Street Gainesville FL 32601 USA,FALSE
Sunset,2/18/2014,18:20:47 PM,2/18/2014,18:50:47 PM,FALSE,Sunset Calendar,530 NW 2nd Street Gainesville FL 32601 USA,FALSE
Sunset,2/19/2014,18:21:32 PM,2/19/2014,18:51:32 PM,FALSE,Sunset Calendar,530 NW 2nd Street Gainesville FL 32601 USA,FALSE
Sunset,2/20/2014,18:22:16 PM,2/20/2014,18:52:16 PM,FALSE,Sunset Calendar,530 NW 2nd Street Gainesville FL 32601 USA,FALSE
Sunset,2/21/2014,18:23:00 PM,2/21/2014,18:53:00 PM,FALSE,Sunset Calendar,530 NW 2nd Street Gainesville FL 32601 USA,FALSE
Sunset,2/22/2014,18:23:43 PM,2/22/2014,18:53:43 PM,FALSE,Sunset Calendar,530 NW 2nd Street Gainesville FL 32601 USA,FALSE
Sunset,2/23/2014,18:24:27 PM,2/23/2014,18:54:27 PM,FALSE,Sunset Calendar,530 NW 2nd Street Gainesville FL 32601 USA,FALSE
Sunset,2/24/2014,18:25:09 PM,2/24/2014,18:55:09 PM,FALSE,Sunset Calendar,530 NW 2nd Street Gainesville FL 32601 USA,FALSE
Sunset,2/25/2014,18:25:52 PM,2/25/2014,18:55:52 PM,FALSE,Sunset Calendar,530 NW 2nd Street Gainesville FL 32601 USA,FALSE
Sunset,2/26/2014,18:26:34 PM,2/26/2014,18:56:34 PM,FALSE,Sunset Calendar,530 NW 2nd Street Gainesville FL 32601 USA,FALSE
Sunset,2/27/2014,18:27:16 PM,2/27/2014,18:57:16 PM,FALSE,Sunset Calendar,530 NW 2nd Street Gainesville FL 32601 USA,FALSE
Sunset,2/28/2014,18:27:57 PM,2/28/2014,18:57:57 PM,FALSE,Sunset Calendar,530 NW 2nd Street Gainesville FL 32601 USA,FALSE
Sunset,3/1/2014,18:28:38 PM,3/1/2014,18:58:38 PM,FALSE,Sunset Calendar,530 NW 2nd Street Gainesville FL 32601 USA,FALSE
Sunset,3/2/2014,18:29:19 PM,3/2/2014,18:59:19 PM,FALSE,Sunset Calendar,530 NW 2nd Street Gainesville FL 32601 USA,FALSE
Sunset,3/3/2014,18:29:59 PM,3/3/2014,18:59:59 PM,FALSE,Sunset Calendar,530 NW 2nd Street Gainesville FL 32601 USA,FALSE
Sunset,3/4/2014,18:30:39 PM,3/4/2014,19:00:39 PM,FALSE,Sunset Calendar,530 NW 2nd Street Gainesville FL 32601 USA,FALSE
Sunset,3/5/2014,18:31:19 PM,3/5/2014,19:01:19 PM,FALSE,Sunset Calendar,530 NW 2nd Street Gainesville FL 32601 USA,FALSE
Sunset,3/6/2014,18:31:58 PM,3/6/2014,19:01:58 PM,FALSE,Sunset Calendar,530 NW 2nd Street Gainesville FL 32601 USA,FALSE
Sunset,3/7/2014,18:32:37 PM,3/7/2014,19:02:37 PM,FALSE,Sunset Calendar,530 NW 2nd Street Gainesville FL 32601 USA,FALSE
Sunset,3/8/2014,18:33:16 PM,3/8/2014,19:03:16 PM,FALSE,Sunset Calendar,530 NW 2nd Street Gainesville FL 32601 USA,FALSE
Sunset,3/9/2014,19:33:54 PM,3/9/2014,20:03:54 PM,FALSE,Sunset Calendar,530 NW 2nd Street Gainesville FL 32601 USA,FALSE
Sunset,3/10/2014,19:34:32 PM,3/10/2014,20:04:32 PM,FALSE,Sunset Calendar,530 NW 2nd Street Gainesville FL 32601 USA,FALSE
Sunset,3/11/2014,19:35:10 PM,3/11/2014,20:05:10 PM,FALSE,Sunset Calendar,530 NW 2nd Street Gainesville FL 32601 USA,FALSE
Sunset,3/12/2014,19:35:48 PM,3/12/2014,20:05:48 PM,FALSE,Sunset Calendar,530 NW 2nd Street Gainesville FL 32601 USA,FALSE
Sunset,3/13/2014,19:36:26 PM,3/13/2014,20:06:26 PM,FALSE,Sunset Calendar,530 NW 2nd Street Gainesville FL 32601 USA,FALSE
Sunset,3/14/2014,19:37:03 PM,3/14/2014,20:07:03 PM,FALSE,Sunset Calendar,530 NW 2nd Street Gainesville FL 32601 USA,FALSE
Sunset,3/15/2014,19:37:40 PM,3/15/2014,20:07:40 PM,FALSE,Sunset Calendar,530 NW 2nd Street Gainesville FL 32601 USA,FALSE
Sunset,3/16/2014,19:38:17 PM,3/16/2014,20:08:17 PM,FALSE,Sunset Calendar,530 NW 2nd Street Gainesville FL 32601 USA,FALSE
Sunset,3/17/2014,19:38:54 PM,3/17/2014,20:08:54 PM,FALSE,Sunset Calendar,530 NW 2nd Street Gainesville FL 32601 USA,FALSE
Sunset,3/18/2014,19:39:30 PM,3/18/2014,20:09:30 PM,FALSE,Sunset Calendar,530 NW 2nd Street Gainesville FL 32601 USA,FALSE
Sunset,3/19/2014,19:40:07 PM,3/19/2014,20:10:07 PM,FALSE,Sunset Calendar,530 NW 2nd Street Gainesville FL 32601 USA,FALSE
Sunset,3/20/2014,19:40:43 PM,3/20/2014,20:10:43 PM,FALSE,Sunset Calendar,530 NW 2nd Street Gainesville FL 32601 USA,FALSE
Sunset,3/21/2014,19:41:19 PM,3/21/2014,20:11:19 PM,FALSE,Sunset Calendar,530 NW 2nd Street Gainesville FL 32601 USA,FALSE
Sunset,3/22/2014,19:41:55 PM,3/22/2014,20:11:55 PM,FALSE,Sunset Calendar,530 NW 2nd Street Gainesville FL 32601 USA,FALSE
Sunset,3/23/2014,19:42:31 PM,3/23/2014,20:12:31 PM,FALSE,Sunset Calendar,530 NW 2nd Street Gainesville FL 32601 USA,FALSE
Sunset,3/24/2014,19:43:07 PM,3/24/2014,20:13:07 PM,FALSE,Sunset Calendar,530 NW 2nd Street Gainesville FL 32601 USA,FALSE
Sunset,3/25/2014,19:43:42 PM,3/25/2014,20:13:42 PM,FALSE,Sunset Calendar,530 NW 2nd Street Gainesville FL 32601 USA,FALSE
Sunset,3/26/2014,19:44:18 PM,3/26/2014,20:14:18 PM,FALSE,Sunset Calendar,530 NW 2nd Street Gainesville FL 32601 USA,FALSE
Sunset,3/27/2014,19:44:54 PM,3/27/2014,20:14:54 PM,FALSE,Sunset Calendar,530 NW 2nd Street Gainesville FL 32601 USA,FALSE
Sunset,3/28/2014,19:45:29 PM,3/28/2014,20:15:29 PM,FALSE,Sunset Calendar,530 NW 2nd Street Gainesville FL 32601 USA,FALSE
Sunset,3/29/2014,19:46:05 PM,3/29/2014,20:16:05 PM,FALSE,Sunset Calendar,530 NW 2nd Street Gainesville FL 32601 USA,FALSE
Sunset,3/30/2014,19:46:40 PM,3/30/2014,20:16:40 PM,FALSE,Sunset Calendar,530 NW 2nd Street Gainesville FL 32601 USA,FALSE
Sunset,3/31/2014,19:47:16 PM,3/31/2014,20:17:16 PM,FALSE,Sunset Calendar,530 NW 2nd Street Gainesville FL 32601 USA,FALSE
Sunset,4/1/2014,19:47:51 PM,4/1/2014,20:17:51 PM,FALSE,Sunset Calendar,530 NW 2nd Street Gainesville FL 32601 USA,FALSE
Sunset,4/2/2014,19:48:27 PM,4/2/2014,20:18:27 PM,FALSE,Sunset Calendar,530 NW 2nd Street Gainesville FL 32601 USA,FALSE
Sunset,4/3/2014,19:49:02 PM,4/3/2014,20:19:02 PM,FALSE,Sunset Calendar,530 NW 2nd Street Gainesville FL 32601 USA,FALSE
Sunset,4/4/2014,19:49:38 PM,4/4/2014,20:19:38 PM,FALSE,Sunset Calendar,530 NW 2nd Street Gainesville FL 32601 USA,FALSE
Sunset,4/5/2014,19:50:14 PM,4/5/2014,20:20:14 PM,FALSE,Sunset Calendar,530 NW 2nd Street Gainesville FL 32601 USA,FALSE
Sunset,4/6/2014,19:50:49 PM,4/6/2014,20:20:49 PM,FALSE,Sunset Calendar,530 NW 2nd Street Gainesville FL 32601 USA,FALSE
Sunset,4/7/2014,19:51:25 PM,4/7/2014,20:21:25 PM,FALSE,Sunset Calendar,530 NW 2nd Street Gainesville FL 32601 USA,FALSE
Sunset,4/8/2014,19:52:01 PM,4/8/2014,20:22:01 PM,FALSE,Sunset Calendar,530 NW 2nd Street Gainesville FL 32601 USA,FALSE
Sunset,4/9/2014,19:52:37 PM,4/9/2014,20:22:37 PM,FALSE,Sunset Calendar,530 NW 2nd Street Gainesville FL 32601 USA,FALSE
Sunset,4/10/2014,19:53:13 PM,4/10/2014,20:23:13 PM,FALSE,Sunset Calendar,530 NW 2nd Street Gainesville FL 32601 USA,FALSE
Sunset,4/11/2014,19:53:49 PM,4/11/2014,20:23:49 PM,FALSE,Sunset Calendar,530 NW 2nd Street Gainesville FL 32601 USA,FALSE
Sunset,4/12/2014,19:54:25 PM,4/12/2014,20:24:25 PM,FALSE,Sunset Calendar,530 NW 2nd Street Gainesville FL 32601 USA,FALSE
Sunset,4/13/2014,19:55:01 PM,4/13/2014,20:25:01 PM,FALSE,Sunset Calendar,530 NW 2nd Street Gainesville FL 32601 USA,FALSE
Sunset,4/14/2014,19:55:37 PM,4/14/2014,20:25:37 PM,FALSE,Sunset Calendar,530 NW 2nd Street Gainesville FL 32601 USA,FALSE
Sunset,4/15/2014,19:56:14 PM,4/15/2014,20:26:14 PM,FALSE,Sunset Calendar,530 NW 2nd Street Gainesville FL 32601 USA,FALSE
Sunset,4/16/2014,19:56:50 PM,4/16/2014,20:26:50 PM,FALSE,Sunset Calendar,530 NW 2nd Street Gainesville FL 32601 USA,FALSE
Sunset,4/17/2014,19:57:27 PM,4/17/2014,20:27:27 PM,FALSE,Sunset Calendar,530 NW 2nd Street Gainesville FL 32601 USA,FALSE
Sunset,4/18/2014,19:58:04 PM,4/18/2014,20:28:04 PM,FALSE,Sunset Calendar,530 NW 2nd Street Gainesville FL 32601 USA,FALSE
Sunset,4/19/2014,19:58:40 PM,4/19/2014,20:28:40 PM,FALSE,Sunset Calendar,530 NW 2nd Street Gainesville FL 32601 USA,FALSE
Sunset,4/20/2014,19:59:17 PM,4/20/2014,20:29:17 PM,FALSE,Sunset Calendar,530 NW 2nd Street Gainesville FL 32601 USA,FALSE
Sunset,4/21/2014,19:59:55 PM,4/21/2014,20:29:55 PM,FALSE,Sunset Calendar,530 NW 2nd Street Gainesville FL 32601 USA,FALSE
Sunset,4/22/2014,20:00:32 PM,4/22/2014,20:30:32 PM,FALSE,Sunset Calendar,530 NW 2nd Street Gainesville FL 32601 USA,FALSE
Sunset,4/23/2014,20:01:09 PM,4/23/2014,20:31:09 PM,FALSE,Sunset Calendar,530 NW 2nd Street Gainesville FL 32601 USA,FALSE
Sunset,4/24/2014,20:01:47 PM,4/24/2014,20:31:47 PM,FALSE,Sunset Calendar,530 NW 2nd Street Gainesville FL 32601 USA,FALSE
Sunset,4/25/2014,20:02:24 PM,4/25/2014,20:32:24 PM,FALSE,Sunset Calendar,530 NW 2nd Street Gainesville FL 32601 USA,FALSE
Sunset,4/26/2014,20:03:02 PM,4/26/2014,20:33:02 PM,FALSE,Sunset Calendar,530 NW 2nd Street Gainesville FL 32601 USA,FALSE
Sunset,4/27/2014,20:03:40 PM,4/27/2014,20:33:40 PM,FALSE,Sunset Calendar,530 NW 2nd Street Gainesville FL 32601 USA,FALSE
Sunset,4/28/2014,20:04:18 PM,4/28/2014,20:34:18 PM,FALSE,Sunset Calendar,530 NW 2nd Street Gainesville FL 32601 USA,FALSE
Sunset,4/29/2014,20:04:56 PM,4/29/2014,20:34:56 PM,FALSE,Sunset Calendar,530 NW 2nd Street Gainesville FL 32601 USA,FALSE
Sunset,4/30/2014,20:05:34 PM,4/30/2014,20:35:34 PM,FALSE,Sunset Calendar,530 NW 2nd Street Gainesville FL 32601 USA,FALSE
Sunset,5/1/2014,20:06:12 PM,5/1/2014,20:36:12 PM,FALSE,Sunset Calendar,530 NW 2nd Street Gainesville FL 32601 USA,FALSE
Sunset,5/2/2014,20:06:50 PM,5/2/2014,20:36:50 PM,FALSE,Sunset Calendar,530 NW 2nd Street Gainesville FL 32601 USA,FALSE
Sunset,5/3/2014,20:07:28 PM,5/3/2014,20:37:28 PM,FALSE,Sunset Calendar,530 NW 2nd Street Gainesville FL 32601 USA,FALSE
Sunset,5/4/2014,20:08:06 PM,5/4/2014,20:38:06 PM,FALSE,Sunset Calendar,530 NW 2nd Street Gainesville FL 32601 USA,FALSE
Sunset,5/5/2014,20:08:45 PM,5/5/2014,20:38:45 PM,FALSE,Sunset Calendar,530 NW 2nd Street Gainesville FL 32601 USA,FALSE
Sunset,5/6/2014,20:09:23 PM,5/6/2014,20:39:23 PM,FALSE,Sunset Calendar,530 NW 2nd Street Gainesville FL 32601 USA,FALSE
Sunset,5/7/2014,20:10:02 PM,5/7/2014,20:40:02 PM,FALSE,Sunset Calendar,530 NW 2nd Street Gainesville FL 32601 USA,FALSE
Sunset,5/8/2014,20:10:40 PM,5/8/2014,20:40:40 PM,FALSE,Sunset Calendar,530 NW 2nd Street Gainesville FL 32601 USA,FALSE
Sunset,5/9/2014,20:11:18 PM,5/9/2014,20:41:18 PM,FALSE,Sunset Calendar,530 NW 2nd Street Gainesville FL 32601 USA,FALSE
Sunset,5/10/2014,20:11:57 PM,5/10/2014,20:41:57 PM,FALSE,Sunset Calendar,530 NW 2nd Street Gainesville FL 32601 USA,FALSE
Sunset,5/11/2014,20:12:35 PM,5/11/2014,20:42:35 PM,FALSE,Sunset Calendar,530 NW 2nd Street Gainesville FL 32601 USA,FALSE
Sunset,5/12/2014,20:13:13 PM,5/12/2014,20:43:13 PM,FALSE,Sunset Calendar,530 NW 2nd Street Gainesville FL 32601 USA,FALSE
Sunset,5/13/2014,20:13:51 PM,5/13/2014,20:43:51 PM,FALSE,Sunset Calendar,530 NW 2nd Street Gainesville FL 32601 USA,FALSE
Sunset,5/14/2014,20:14:29 PM,5/14/2014,20:44:29 PM,FALSE,Sunset Calendar,530 NW 2nd Street Gainesville FL 32601 USA,FALSE
Sunset,5/15/2014,20:15:07 PM,5/15/2014,20:45:07 PM,FALSE,Sunset Calendar,530 NW 2nd Street Gainesville FL 32601 USA,FALSE
Sunset,5/16/2014,20:15:44 PM,5/16/2014,20:45:44 PM,FALSE,Sunset Calendar,530 NW 2nd Street Gainesville FL 32601 USA,FALSE
Sunset,5/17/2014,20:16:22 PM,5/17/2014,20:46:22 PM,FALSE,Sunset Calendar,530 NW 2nd Street Gainesville FL 32601 USA,FALSE
Sunset,5/18/2014,20:16:59 PM,5/18/2014,20:46:59 PM,FALSE,Sunset Calendar,530 NW 2nd Street Gainesville FL 32601 USA,FALSE
Sunset,5/19/2014,20:17:36 PM,5/19/2014,20:47:36 PM,FALSE,Sunset Calendar,530 NW 2nd Street Gainesville FL 32601 USA,FALSE
Sunset,5/20/2014,20:18:13 PM,5/20/2014,20:48:13 PM,FALSE,Sunset Calendar,530 NW 2nd Street Gainesville FL 32601 USA,FALSE
Sunset,5/21/2014,20:18:50 PM,5/21/2014,20:48:50 PM,FALSE,Sunset Calendar,530 NW 2nd Street Gainesville FL 32601 USA,FALSE
Sunset,5/22/2014,20:19:26 PM,5/22/2014,20:49:26 PM,FALSE,Sunset Calendar,530 NW 2nd Street Gainesville FL 32601 USA,FALSE
Sunset,5/23/2014,20:20:02 PM,5/23/2014,20:50:02 PM,FALSE,Sunset Calendar,530 NW 2nd Street Gainesville FL 32601 USA,FALSE
Sunset,5/24/2014,20:20:37 PM,5/24/2014,20:50:37 PM,FALSE,Sunset Calendar,530 NW 2nd Street Gainesville FL 32601 USA,FALSE
Sunset,5/25/2014,20:21:12 PM,5/25/2014,20:51:12 PM,FALSE,Sunset Calendar,530 NW 2nd Street Gainesville FL 32601 USA,FALSE
Sunset,5/26/2014,20:21:47 PM,5/26/2014,20:51:47 PM,FALSE,Sunset Calendar,530 NW 2nd Street Gainesville FL 32601 USA,FALSE
Sunset,5/27/2014,20:22:21 PM,5/27/2014,20:52:21 PM,FALSE,Sunset Calendar,530 NW 2nd Street Gainesville FL 32601 USA,FALSE
Sunset,5/28/2014,20:22:55 PM,5/28/2014,20:52:55 PM,FALSE,Sunset Calendar,530 NW 2nd Street Gainesville FL 32601 USA,FALSE
Sunset,5/29/2014,20:23:28 PM,5/29/2014,20:53:28 PM,FALSE,Sunset Calendar,530 NW 2nd Street Gainesville FL 32601 USA,FALSE
Sunset,5/30/2014,20:24:01 PM,5/30/2014,20:54:01 PM,FALSE,Sunset Calendar,530 NW 2nd Street Gainesville FL 32601 USA,FALSE
Sunset,5/31/2014,20:24:33 PM,5/31/2014,20:54:33 PM,FALSE,Sunset Calendar,530 NW 2nd Street Gainesville FL 32601 USA,FALSE
Sunset,6/1/2014,20:25:05 PM,6/1/2014,20:55:05 PM,FALSE,Sunset Calendar,530 NW 2nd Street Gainesville FL 32601 USA,FALSE
Sunset,6/2/2014,20:25:35 PM,6/2/2014,20:55:35 PM,FALSE,Sunset Calendar,530 NW 2nd Street Gainesville FL 32601 USA,FALSE
Sunset,6/3/2014,20:26:06 PM,6/3/2014,20:56:06 PM,FALSE,Sunset Calendar,530 NW 2nd Street Gainesville FL 32601 USA,FALSE
Sunset,6/4/2014,20:26:35 PM,6/4/2014,20:56:35 PM,FALSE,Sunset Calendar,530 NW 2nd Street Gainesville FL 32601 USA,FALSE
Sunset,6/5/2014,20:27:04 PM,6/5/2014,20:57:04 PM,FALSE,Sunset Calendar,530 NW 2nd Street Gainesville FL 32601 USA,FALSE
Sunset,6/6/2014,20:27:32 PM,6/6/2014,20:57:32 PM,FALSE,Sunset Calendar,530 NW 2nd Street Gainesville FL 32601 USA,FALSE
Sunset,6/7/2014,20:27:59 PM,6/7/2014,20:57:59 PM,FALSE,Sunset Calendar,530 NW 2nd Street Gainesville FL 32601 USA,FALSE
Sunset,6/8/2014,20:28:26 PM,6/8/2014,20:58:26 PM,FALSE,Sunset Calendar,530 NW 2nd Street Gainesville FL 32601 USA,FALSE
Sunset,6/9/2014,20:28:51 PM,6/9/2014,20:58:51 PM,FALSE,Sunset Calendar,530 NW 2nd Street Gainesville FL 32601 USA,FALSE
Sunset,6/10/2014,20:29:16 PM,6/10/2014,20:59:16 PM,FALSE,Sunset Calendar,530 NW 2nd Street Gainesville FL 32601 USA,FALSE
Sunset,6/11/2014,20:29:40 PM,6/11/2014,20:59:40 PM,FALSE,Sunset Calendar,530 NW 2nd Street Gainesville FL 32601 USA,FALSE
Sunset,6/12/2014,20:30:02 PM,6/12/2014,21:00:02 PM,FALSE,Sunset Calendar,530 NW 2nd Street Gainesville FL 32601 USA,FALSE
Sunset,6/13/2014,20:30:24 PM,6/13/2014,21:00:24 PM,FALSE,Sunset Calendar,530 NW 2nd Street Gainesville FL 32601 USA,FALSE
Sunset,6/14/2014,20:30:45 PM,6/14/2014,21:00:45 PM,FALSE,Sunset Calendar,530 NW 2nd Street Gainesville FL 32601 USA,FALSE
Sunset,6/15/2014,20:31:05 PM,6/15/2014,21:01:05 PM,FALSE,Sunset Calendar,530 NW 2nd Street Gainesville FL 32601 USA,FALSE
Sunset,6/16/2014,20:31:23 PM,6/16/2014,21:01:23 PM,FALSE,Sunset Calendar,530 NW 2nd Street Gainesville FL 32601 USA,FALSE
Sunset,6/17/2014,20:31:41 PM,6/17/2014,21:01:41 PM,FALSE,Sunset Calendar,530 NW 2nd Street Gainesville FL 32601 USA,FALSE
Sunset,6/18/2014,20:31:57 PM,6/18/2014,21:01:57 PM,FALSE,Sunset Calendar,530 NW 2nd Street Gainesville FL 32601 USA,FALSE
Sunset,6/19/2014,20:32:13 PM,6/19/2014,21:02:13 PM,FALSE,Sunset Calendar,530 NW 2nd Street Gainesville FL 32601 USA,FALSE
Sunset,6/20/2014,20:32:27 PM,6/20/2014,21:02:27 PM,FALSE,Sunset Calendar,530 NW 2nd Street Gainesville FL 32601 USA,FALSE
Sunset,6/21/2014,20:32:40 PM,6/21/2014,21:02:40 PM,FALSE,Sunset Calendar,530 NW 2nd Street Gainesville FL 32601 USA,FALSE
Sunset,6/22/2014,20:32:52 PM,6/22/2014,21:02:52 PM,FALSE,Sunset Calendar,530 NW 2nd Street Gainesville FL 32601 USA,FALSE
Sunset,6/23/2014,20:33:02 PM,6/23/2014,21:03:02 PM,FALSE,Sunset Calendar,530 NW 2nd Street Gainesville FL 32601 USA,FALSE
Sunset,6/24/2014,20:33:11 PM,6/24/2014,21:03:11 PM,FALSE,Sunset Calendar,530 NW 2nd Street Gainesville FL 32601 USA,FALSE
Sunset,6/25/2014,20:33:19 PM,6/25/2014,21:03:19 PM,FALSE,Sunset Calendar,530 NW 2nd Street Gainesville FL 32601 USA,FALSE
Sunset,6/26/2014,20:33:26 PM,6/26/2014,21:03:26 PM,FALSE,Sunset Calendar,530 NW 2nd Street Gainesville FL 32601 USA,FALSE
Sunset,6/27/2014,20:33:31 PM,6/27/2014,21:03:31 PM,FALSE,Sunset Calendar,530 NW 2nd Street Gainesville FL 32601 USA,FALSE
Sunset,6/28/2014,20:33:35 PM,6/28/2014,21:03:35 PM,FALSE,Sunset Calendar,530 NW 2nd Street Gainesville FL 32601 USA,FALSE
Sunset,6/29/2014,20:33:38 PM,6/29/2014,21:03:38 PM,FALSE,Sunset Calendar,530 NW 2nd Street Gainesville FL 32601 USA,FALSE
Sunset,6/30/2014,20:33:39 PM,6/30/2014,21:03:39 PM,FALSE,Sunset Calendar,530 NW 2nd Street Gainesville FL 32601 USA,FALSE
Sunset,7/1/2014,20:33:39 PM,7/1/2014,21:03:39 PM,FALSE,Sunset Calendar,530 NW 2nd Street Gainesville FL 32601 USA,FALSE
Sunset,7/2/2014,20:33:37 PM,7/2/2014,21:03:37 PM,FALSE,Sunset Calendar,530 NW 2nd Street Gainesville FL 32601 USA,FALSE
Sunset,7/3/2014,20:33:35 PM,7/3/2014,21:03:35 PM,FALSE,Sunset Calendar,530 NW 2nd Street Gainesville FL 32601 USA,FALSE
Sunset,7/4/2014,20:33:30 PM,7/4/2014,21:03:30 PM,FALSE,Sunset Calendar,530 NW 2nd Street Gainesville FL 32601 USA,FALSE
Sunset,7/5/2014,20:33:25 PM,7/5/2014,21:03:25 PM,FALSE,Sunset Calendar,530 NW 2nd Street Gainesville FL 32601 USA,FALSE
Sunset,7/6/2014,20:33:17 PM,7/6/2014,21:03:17 PM,FALSE,Sunset Calendar,530 NW 2nd Street Gainesville FL 32601 USA,FALSE
Sunset,7/7/2014,20:33:09 PM,7/7/2014,21:03:09 PM,FALSE,Sunset Calendar,530 NW 2nd Street Gainesville FL 32601 USA,FALSE
Sunset,7/8/2014,20:32:59 PM,7/8/2014,21:02:59 PM,FALSE,Sunset Calendar,530 NW 2nd Street Gainesville FL 32601 USA,FALSE
Sunset,7/9/2014,20:32:47 PM,7/9/2014,21:02:47 PM,FALSE,Sunset Calendar,530 NW 2nd Street Gainesville FL 32601 USA,FALSE
Sunset,7/10/2014,20:32:34 PM,7/10/2014,21:02:34 PM,FALSE,Sunset Calendar,530 NW 2nd Street Gainesville FL 32601 USA,FALSE
Sunset,7/11/2014,20:32:20 PM,7/11/2014,21:02:20 PM,FALSE,Sunset Calendar,530 NW 2nd Street Gainesville FL 32601 USA,FALSE
Sunset,7/12/2014,20:32:04 PM,7/12/2014,21:02:04 PM,FALSE,Sunset Calendar,530 NW 2nd Street Gainesville FL 32601 USA,FALSE
Sunset,7/13/2014,20:31:47 PM,7/13/2014,21:01:47 PM,FALSE,Sunset Calendar,530 NW 2nd Street Gainesville FL 32601 USA,FALSE
Sunset,7/14/2014,20:31:28 PM,7/14/2014,21:01:28 PM,FALSE,Sunset Calendar,530 NW 2nd Street Gainesville FL 32601 USA,FALSE
Sunset,7/15/2014,20:31:08 PM,7/15/2014,21:01:08 PM,FALSE,Sunset Calendar,530 NW 2nd Street Gainesville FL 32601 USA,FALSE
Sunset,7/16/2014,20:30:47 PM,7/16/2014,21:00:47 PM,FALSE,Sunset Calendar,530 NW 2nd Street Gainesville FL 32601 USA,FALSE
Sunset,7/17/2014,20:30:24 PM,7/17/2014,21:00:24 PM,FALSE,Sunset Calendar,530 NW 2nd Street Gainesville FL 32601 USA,FALSE
Sunset,7/18/2014,20:29:59 PM,7/18/2014,20:59:59 PM,FALSE,Sunset Calendar,530 NW 2nd Street Gainesville FL 32601 USA,FALSE
Sunset,7/19/2014,20:29:34 PM,7/19/2014,20:59:34 PM,FALSE,Sunset Calendar,530 NW 2nd Street Gainesville FL 32601 USA,FALSE
Sunset,7/20/2014,20:29:06 PM,7/20/2014,20:59:06 PM,FALSE,Sunset Calendar,530 NW 2nd Street Gainesville FL 32601 USA,FALSE
Sunset,7/21/2014,20:28:38 PM,7/21/2014,20:58:38 PM,FALSE,Sunset Calendar,530 NW 2nd Street Gainesville FL 32601 USA,FALSE
Sunset,7/22/2014,20:28:08 PM,7/22/2014,20:58:08 PM,FALSE,Sunset Calendar,530 NW 2nd Street Gainesville FL 32601 USA,FALSE
Sunset,7/23/2014,20:27:36 PM,7/23/2014,20:57:36 PM,FALSE,Sunset Calendar,530 NW 2nd Street Gainesville FL 32601 USA,FALSE
Sunset,7/24/2014,20:27:04 PM,7/24/2014,20:57:04 PM,FALSE,Sunset Calendar,530 NW 2nd Street Gainesville FL 32601 USA,FALSE
Sunset,7/25/2014,20:26:30 PM,7/25/2014,20:56:30 PM,FALSE,Sunset Calendar,530 NW 2nd Street Gainesville FL 32601 USA,FALSE
Sunset,7/26/2014,20:25:54 PM,7/26/2014,20:55:54 PM,FALSE,Sunset Calendar,530 NW 2nd Street Gainesville FL 32601 USA,FALSE
Sunset,7/27/2014,20:25:18 PM,7/27/2014,20:55:18 PM,FALSE,Sunset Calendar,530 NW 2nd Street Gainesville FL 32601 USA,FALSE
Sunset,7/28/2014,20:24:40 PM,7/28/2014,20:54:40 PM,FALSE,Sunset Calendar,530 NW 2nd Street Gainesville FL 32601 USA,FALSE
Sunset,7/29/2014,20:24:00 PM,7/29/2014,20:54:00 PM,FALSE,Sunset Calendar,530 NW 2nd Street Gainesville FL 32601 USA,FALSE
Sunset,7/30/2014,20:23:20 PM,7/30/2014,20:53:20 PM,FALSE,Sunset Calendar,530 NW 2nd Street Gainesville FL 32601 USA,FALSE
Sunset,7/31/2014,20:22:38 PM,7/31/2014,20:52:38 PM,FALSE,Sunset Calendar,530 NW 2nd Street Gainesville FL 32601 USA,FALSE
Sunset,8/1/2014,20:21:55 PM,8/1/2014,20:51:55 PM,FALSE,Sunset Calendar,530 NW 2nd Street Gainesville FL 32601 USA,FALSE
Sunset,8/2/2014,20:21:10 PM,8/2/2014,20:51:10 PM,FALSE,Sunset Calendar,530 NW 2nd Street Gainesville FL 32601 USA,FALSE
Sunset,8/3/2014,20:20:25 PM,8/3/2014,20:50:25 PM,FALSE,Sunset Calendar,530 NW 2nd Street Gainesville FL 32601 USA,FALSE
Sunset,8/4/2014,20:19:38 PM,8/4/2014,20:49:38 PM,FALSE,Sunset Calendar,530 NW 2nd Street Gainesville FL 32601 USA,FALSE
Sunset,8/5/2014,20:18:51 PM,8/5/2014,20:48:51 PM,FALSE,Sunset Calendar,530 NW 2nd Street Gainesville FL 32601 USA,FALSE
Sunset,8/6/2014,20:18:02 PM,8/6/2014,20:48:02 PM,FALSE,Sunset Calendar,530 NW 2nd Street Gainesville FL 32601 USA,FALSE
Sunset,8/7/2014,20:17:12 PM,8/7/2014,20:47:12 PM,FALSE,Sunset Calendar,530 NW 2nd Street Gainesville FL 32601 USA,FALSE
Sunset,8/8/2014,20:16:20 PM,8/8/2014,20:46:20 PM,FALSE,Sunset Calendar,530 NW 2nd Street Gainesville FL 32601 USA,FALSE
Sunset,8/9/2014,20:15:28 PM,8/9/2014,20:45:28 PM,FALSE,Sunset Calendar,530 NW 2nd Street Gainesville FL 32601 USA,FALSE
Sunset,8/10/2014,20:14:35 PM,8/10/2014,20:44:35 PM,FALSE,Sunset Calendar,530 NW 2nd Street Gainesville FL 32601 USA,FALSE
Sunset,8/11/2014,20:13:41 PM,8/11/2014,20:43:41 PM,FALSE,Sunset Calendar,530 NW 2nd Street Gainesville FL 32601 USA,FALSE
Sunset,8/12/2014,20:12:45 PM,8/12/2014,20:42:45 PM,FALSE,Sunset Calendar,530 NW 2nd Street Gainesville FL 32601 USA,FALSE
Sunset,8/13/2014,20:11:49 PM,8/13/2014,20:41:49 PM,FALSE,Sunset Calendar,530 NW 2nd Street Gainesville FL 32601 USA,FALSE
Sunset,8/14/2014,20:10:52 PM,8/14/2014,20:40:52 PM,FALSE,Sunset Calendar,530 NW 2nd Street Gainesville FL 32601 USA,FALSE
Sunset,8/15/2014,20:09:54 PM,8/15/2014,20:39:54 PM,FALSE,Sunset Calendar,530 NW 2nd Street Gainesville FL 32601 USA,FALSE
Sunset,8/16/2014,20:08:55 PM,8/16/2014,20:38:55 PM,FALSE,Sunset Calendar,530 NW 2nd Street Gainesville FL 32601 USA,FALSE
Sunset,8/17/2014,20:07:55 PM,8/17/2014,20:37:55 PM,FALSE,Sunset Calendar,530 NW 2nd Street Gainesville FL 32601 USA,FALSE
Sunset,8/18/2014,20:06:54 PM,8/18/2014,20:36:54 PM,FALSE,Sunset Calendar,530 NW 2nd Street Gainesville FL 32601 USA,FALSE
Sunset,8/19/2014,20:05:53 PM,8/19/2014,20:35:53 PM,FALSE,Sunset Calendar,530 NW 2nd Street Gainesville FL 32601 USA,FALSE
Sunset,8/20/2014,20:04:50 PM,8/20/2014,20:34:50 PM,FALSE,Sunset Calendar,530 NW 2nd Street Gainesville FL 32601 USA,FALSE
Sunset,8/21/2014,20:03:47 PM,8/21/2014,20:33:47 PM,FALSE,Sunset Calendar,530 NW 2nd Street Gainesville FL 32601 USA,FALSE
Sunset,8/22/2014,20:02:43 PM,8/22/2014,20:32:43 PM,FALSE,Sunset Calendar,530 NW 2nd Street Gainesville FL 32601 USA,FALSE
Sunset,8/23/2014,20:01:38 PM,8/23/2014,20:31:38 PM,FALSE,Sunset Calendar,530 NW 2nd Street Gainesville FL 32601 USA,FALSE
Sunset,8/24/2014,20:00:33 PM,8/24/2014,20:30:33 PM,FALSE,Sunset Calendar,530 NW 2nd Street Gainesville FL 32601 USA,FALSE
Sunset,8/25/2014,19:59:27 PM,8/25/2014,20:29:27 PM,FALSE,Sunset Calendar,530 NW 2nd Street Gainesville FL 32601 USA,FALSE
Sunset,8/26/2014,19:58:20 PM,8/26/2014,20:28:20 PM,FALSE,Sunset Calendar,530 NW 2nd Street Gainesville FL 32601 USA,FALSE
Sunset,8/27/2014,19:57:13 PM,8/27/2014,20:27:13 PM,FALSE,Sunset Calendar,530 NW 2nd Street Gainesville FL 32601 USA,FALSE
Sunset,8/28/2014,19:56:05 PM,8/28/2014,20:26:05 PM,FALSE,Sunset Calendar,530 NW 2nd Street Gainesville FL 32601 USA,FALSE
Sunset,8/29/2014,19:54:57 PM,8/29/2014,20:24:57 PM,FALSE,Sunset Calendar,530 NW 2nd Street Gainesville FL 32601 USA,FALSE
Sunset,8/30/2014,19:53:48 PM,8/30/2014,20:23:48 PM,FALSE,Sunset Calendar,530 NW 2nd Street Gainesville FL 32601 USA,FALSE
Sunset,8/31/2014,19:52:38 PM,8/31/2014,20:22:38 PM,FALSE,Sunset Calendar,530 NW 2nd Street Gainesville FL 32601 USA,FALSE
Sunset,9/1/2014,19:51:28 PM,9/1/2014,20:21:28 PM,FALSE,Sunset Calendar,530 NW 2nd Street Gainesville FL 32601 USA,FALSE
Sunset,9/2/2014,19:50:18 PM,9/2/2014,20:20:18 PM,FALSE,Sunset Calendar,530 NW 2nd Street Gainesville FL 32601 USA,FALSE
Sunset,9/3/2014,19:49:07 PM,9/3/2014,20:19:07 PM,FALSE,Sunset Calendar,530 NW 2nd Street Gainesville FL 32601 USA,FALSE
Sunset,9/4/2014,19:47:55 PM,9/4/2014,20:17:55 PM,FALSE,Sunset Calendar,530 NW 2nd Street Gainesville FL 32601 USA,FALSE
Sunset,9/5/2014,19:46:44 PM,9/5/2014,20:16:44 PM,FALSE,Sunset Calendar,530 NW 2nd Street Gainesville FL 32601 USA,FALSE
Sunset,9/6/2014,19:45:32 PM,9/6/2014,20:15:32 PM,FALSE,Sunset Calendar,530 NW 2nd Street Gainesville FL 32601 USA,FALSE
Sunset,9/7/2014,19:44:19 PM,9/7/2014,20:14:19 PM,FALSE,Sunset Calendar,530 NW 2nd Street Gainesville FL 32601 USA,FALSE
Sunset,9/8/2014,19:43:06 PM,9/8/2014,20:13:06 PM,FALSE,Sunset Calendar,530 NW 2nd Street Gainesville FL 32601 USA,FALSE
Sunset,9/9/2014,19:41:53 PM,9/9/2014,20:11:53 PM,FALSE,Sunset Calendar,530 NW 2nd Street Gainesville FL 32601 USA,FALSE
Sunset,9/10/2014,19:40:40 PM,9/10/2014,20:10:40 PM,FALSE,Sunset Calendar,530 NW 2nd Street Gainesville FL 32601 USA,FALSE
Sunset,9/11/2014,19:39:27 PM,9/11/2014,20:09:27 PM,FALSE,Sunset Calendar,530 NW 2nd Street Gainesville FL 32601 USA,FALSE
Sunset,9/12/2014,19:38:13 PM,9/12/2014,20:08:13 PM,FALSE,Sunset Calendar,530 NW 2nd Street Gainesville FL 32601 USA,FALSE
Sunset,9/13/2014,19:36:59 PM,9/13/2014,20:06:59 PM,FALSE,Sunset Calendar,530 NW 2nd Street Gainesville FL 32601 USA,FALSE
Sunset,9/14/2014,19:35:45 PM,9/14/2014,20:05:45 PM,FALSE,Sunset Calendar,530 NW 2nd Street Gainesville FL 32601 USA,FALSE
Sunset,9/15/2014,19:34:31 PM,9/15/2014,20:04:31 PM,FALSE,Sunset Calendar,530 NW 2nd Street Gainesville FL 32601 USA,FALSE
Sunset,9/16/2014,19:33:17 PM,9/16/2014,20:03:17 PM,FALSE,Sunset Calendar,530 NW 2nd Street Gainesville FL 32601 USA,FALSE
Sunset,9/17/2014,19:32:02 PM,9/17/2014,20:02:02 PM,FALSE,Sunset Calendar,530 NW 2nd Street Gainesville FL 32601 USA,FALSE
Sunset,9/18/2014,19:30:48 PM,9/18/2014,20:00:48 PM,FALSE,Sunset Calendar,530 NW 2nd Street Gainesville FL 32601 USA,FALSE
Sunset,9/19/2014,19:29:33 PM,9/19/2014,19:59:33 PM,FALSE,Sunset Calendar,530 NW 2nd Street Gainesville FL 32601 USA,FALSE
Sunset,9/20/2014,19:28:19 PM,9/20/2014,19:58:19 PM,FALSE,Sunset Calendar,530 NW 2nd Street Gainesville FL 32601 USA,FALSE
Sunset,9/21/2014,19:27:05 PM,9/21/2014,19:57:05 PM,FALSE,Sunset Calendar,530 NW 2nd Street Gainesville FL 32601 USA,FALSE
Sunset,9/22/2014,19:25:50 PM,9/22/2014,19:55:50 PM,FALSE,Sunset Calendar,530 NW 2nd Street Gainesville FL 32601 USA,FALSE
Sunset,9/23/2014,19:24:36 PM,9/23/2014,19:54:36 PM,FALSE,Sunset Calendar,530 NW 2nd Street Gainesville FL 32601 USA,FALSE
Sunset,9/24/2014,19:23:22 PM,9/24/2014,19:53:22 PM,FALSE,Sunset Calendar,530 NW 2nd Street Gainesville FL 32601 USA,FALSE
Sunset,9/25/2014,19:22:08 PM,9/25/2014,19:52:08 PM,FALSE,Sunset Calendar,530 NW 2nd Street Gainesville FL 32601 USA,FALSE
Sunset,9/26/2014,19:20:55 PM,9/26/2014,19:50:55 PM,FALSE,Sunset Calendar,530 NW 2nd Street Gainesville FL 32601 USA,FALSE
Sunset,9/27/2014,19:19:41 PM,9/27/2014,19:49:41 PM,FALSE,Sunset Calendar,530 NW 2nd Street Gainesville FL 32601 USA,FALSE
Sunset,9/28/2014,19:18:28 PM,9/28/2014,19:48:28 PM,FALSE,Sunset Calendar,530 NW 2nd Street Gainesville FL 32601 USA,FALSE
Sunset,9/29/2014,19:17:15 PM,9/29/2014,19:47:15 PM,FALSE,Sunset Calendar,530 NW 2nd Street Gainesville FL 32601 USA,FALSE
Sunset,9/30/2014,19:16:02 PM,9/30/2014,19:46:02 PM,FALSE,Sunset Calendar,530 NW 2nd Street Gainesville FL 32601 USA,FALSE
Sunset,10/1/2014,19:14:49 PM,10/1/2014,19:44:49 PM,FALSE,Sunset Calendar,530 NW 2nd Street Gainesville FL 32601 USA,FALSE
Sunset,10/2/2014,19:13:37 PM,10/2/2014,19:43:37 PM,FALSE,Sunset Calendar,530 NW 2nd Street Gainesville FL 32601 USA,FALSE
Sunset,10/3/2014,19:12:26 PM,10/3/2014,19:42:26 PM,FALSE,Sunset Calendar,530 NW 2nd Street Gainesville FL 32601 USA,FALSE
Sunset,10/4/2014,19:11:14 PM,10/4/2014,19:41:14 PM,FALSE,Sunset Calendar,530 NW 2nd Street Gainesville FL 32601 USA,FALSE
Sunset,10/5/2014,19:10:03 PM,10/5/2014,19:40:03 PM,FALSE,Sunset Calendar,530 NW 2nd Street Gainesville FL 32601 USA,FALSE
Sunset,10/6/2014,19:08:53 PM,10/6/2014,19:38:53 PM,FALSE,Sunset Calendar,530 NW 2nd Street Gainesville FL 32601 USA,FALSE
Sunset,10/7/2014,19:07:43 PM,10/7/2014,19:37:43 PM,FALSE,Sunset Calendar,530 NW 2nd Street Gainesville FL 32601 USA,FALSE
Sunset,10/8/2014,19:06:33 PM,10/8/2014,19:36:33 PM,FALSE,Sunset Calendar,530 NW 2nd Street Gainesville FL 32601 USA,FALSE
Sunset,10/9/2014,19:05:25 PM,10/9/2014,19:35:25 PM,FALSE,Sunset Calendar,530 NW 2nd Street Gainesville FL 32601 USA,FALSE
Sunset,10/10/2014,19:04:16 PM,10/10/2014,19:34:16 PM,FALSE,Sunset Calendar,530 NW 2nd Street Gainesville FL 32601 USA,FALSE
Sunset,10/11/2014,19:03:08 PM,10/11/2014,19:33:08 PM,FALSE,Sunset Calendar,530 NW 2nd Street Gainesville FL 32601 USA,FALSE
Sunset,10/12/2014,19:02:01 PM,10/12/2014,19:32:01 PM,FALSE,Sunset Calendar,530 NW 2nd Street Gainesville FL 32601 USA,FALSE
Sunset,10/13/2014,19:00:55 PM,10/13/2014,19:30:55 PM,FALSE,Sunset Calendar,530 NW 2nd Street Gainesville FL 32601 USA,FALSE
Sunset,10/14/2014,18:59:49 PM,10/14/2014,19:29:49 PM,FALSE,Sunset Calendar,530 NW 2nd Street Gainesville FL 32601 USA,FALSE
Sunset,10/15/2014,18:58:44 PM,10/15/2014,19:28:44 PM,FALSE,Sunset Calendar,530 NW 2nd Street Gainesville FL 32601 USA,FALSE
Sunset,10/16/2014,18:57:40 PM,10/16/2014,19:27:40 PM,FALSE,Sunset Calendar,530 NW 2nd Street Gainesville FL 32601 USA,FALSE
Sunset,10/17/2014,18:56:37 PM,10/17/2014,19:26:37 PM,FALSE,Sunset Calendar,530 NW 2nd Street Gainesville FL 32601 USA,FALSE
Sunset,10/18/2014,18:55:34 PM,10/18/2014,19:25:34 PM,FALSE,Sunset Calendar,530 NW 2nd Street Gainesville FL 32601 USA,FALSE
Sunset,10/19/2014,18:54:32 PM,10/19/2014,19:24:32 PM,FALSE,Sunset Calendar,530 NW 2nd Street Gainesville FL 32601 USA,FALSE
Sunset,10/20/2014,18:53:31 PM,10/20/2014,19:23:31 PM,FALSE,Sunset Calendar,530 NW 2nd Street Gainesville FL 32601 USA,FALSE
Sunset,10/21/2014,18:52:31 PM,10/21/2014,19:22:31 PM,FALSE,Sunset Calendar,530 NW 2nd Street Gainesville FL 32601 USA,FALSE
Sunset,10/22/2014,18:51:32 PM,10/22/2014,19:21:32 PM,FALSE,Sunset Calendar,530 NW 2nd Street Gainesville FL 32601 USA,FALSE
Sunset,10/23/2014,18:50:34 PM,10/23/2014,19:20:34 PM,FALSE,Sunset Calendar,530 NW 2nd Street Gainesville FL 32601 USA,FALSE
Sunset,10/24/2014,18:49:37 PM,10/24/2014,19:19:37 PM,FALSE,Sunset Calendar,530 NW 2nd Street Gainesville FL 32601 USA,FALSE
Sunset,10/25/2014,18:48:40 PM,10/25/2014,19:18:40 PM,FALSE,Sunset Calendar,530 NW 2nd Street Gainesville FL 32601 USA,FALSE
Sunset,10/26/2014,18:47:45 PM,10/26/2014,19:17:45 PM,FALSE,Sunset Calendar,530 NW 2nd Street Gainesville FL 32601 USA,FALSE
Sunset,10/27/2014,18:46:51 PM,10/27/2014,19:16:51 PM,FALSE,Sunset Calendar,530 NW 2nd Street Gainesville FL 32601 USA,FALSE
Sunset,10/28/2014,18:45:58 PM,10/28/2014,19:15:58 PM,FALSE,Sunset Calendar,530 NW 2nd Street Gainesville FL 32601 USA,FALSE
Sunset,10/29/2014,18:45:07 PM,10/29/2014,19:15:07 PM,FALSE,Sunset Calendar,530 NW 2nd Street Gainesville FL 32601 USA,FALSE
Sunset,10/30/2014,18:44:16 PM,10/30/2014,19:14:16 PM,FALSE,Sunset Calendar,530 NW 2nd Street Gainesville FL 32601 USA,FALSE
Sunset,10/31/2014,18:43:27 PM,10/31/2014,19:13:27 PM,FALSE,Sunset Calendar,530 NW 2nd Street Gainesville FL 32601 USA,FALSE
Sunset,11/1/2014,18:42:38 PM,11/1/2014,19:12:38 PM,FALSE,Sunset Calendar,530 NW 2nd Street Gainesville FL 32601 USA,FALSE
Sunset,11/2/2014,17:41:51 PM,11/2/2014,18:11:51 PM,FALSE,Sunset Calendar,530 NW 2nd Street Gainesville FL 32601 USA,FALSE
Sunset,11/3/2014,17:41:06 PM,11/3/2014,18:11:06 PM,FALSE,Sunset Calendar,530 NW 2nd Street Gainesville FL 32601 USA,FALSE
Sunset,11/4/2014,17:40:21 PM,11/4/2014,18:10:21 PM,FALSE,Sunset Calendar,530 NW 2nd Street Gainesville FL 32601 USA,FALSE
Sunset,11/5/2014,17:39:38 PM,11/5/2014,18:09:38 PM,FALSE,Sunset Calendar,530 NW 2nd Street Gainesville FL 32601 USA,FALSE
Sunset,11/6/2014,17:38:56 PM,11/6/2014,18:08:56 PM,FALSE,Sunset Calendar,530 NW 2nd Street Gainesville FL 32601 USA,FALSE
Sunset,11/7/2014,17:38:16 PM,11/7/2014,18:08:16 PM,FALSE,Sunset Calendar,530 NW 2nd Street Gainesville FL 32601 USA,FALSE
Sunset,11/8/2014,17:37:37 PM,11/8/2014,18:07:37 PM,FALSE,Sunset Calendar,530 NW 2nd Street Gainesville FL 32601 USA,FALSE
Sunset,11/9/2014,17:37:00 PM,11/9/2014,18:07:00 PM,FALSE,Sunset Calendar,530 NW 2nd Street Gainesville FL 32601 USA,FALSE
Sunset,11/10/2014,17:36:23 PM,11/10/2014,18:06:23 PM,FALSE,Sunset Calendar,530 NW 2nd Street Gainesville FL 32601 USA,FALSE
Sunset,11/11/2014,17:35:49 PM,11/11/2014,18:05:49 PM,FALSE,Sunset Calendar,530 NW 2nd Street Gainesville FL 32601 USA,FALSE
Sunset,11/12/2014,17:35:16 PM,11/12/2014,18:05:16 PM,FALSE,Sunset Calendar,530 NW 2nd Street Gainesville FL 32601 USA,FALSE
Sunset,11/13/2014,17:34:44 PM,11/13/2014,18:04:44 PM,FALSE,Sunset Calendar,530 NW 2nd Street Gainesville FL 32601 USA,FALSE
Sunset,11/14/2014,17:34:14 PM,11/14/2014,18:04:14 PM,FALSE,Sunset Calendar,530 NW 2nd Street Gainesville FL 32601 USA,FALSE
Sunset,11/15/2014,17:33:45 PM,11/15/2014,18:03:45 PM,FALSE,Sunset Calendar,530 NW 2nd Street Gainesville FL 32601 USA,FALSE
Sunset,11/16/2014,17:33:18 PM,11/16/2014,18:03:18 PM,FALSE,Sunset Calendar,530 NW 2nd Street Gainesville FL 32601 USA,FALSE
Sunset,11/17/2014,17:32:53 PM,11/17/2014,18:02:53 PM,FALSE,Sunset Calendar,530 NW 2nd Street Gainesville FL 32601 USA,FALSE
Sunset,11/18/2014,17:32:29 PM,11/18/2014,18:02:29 PM,FALSE,Sunset Calendar,530 NW 2nd Street Gainesville FL 32601 USA,FALSE
Sunset,11/19/2014,17:32:06 PM,11/19/2014,18:02:06 PM,FALSE,Sunset Calendar,530 NW 2nd Street Gainesville FL 32601 USA,FALSE
Sunset,11/20/2014,17:31:46 PM,11/20/2014,18:01:46 PM,FALSE,Sunset Calendar,530 NW 2nd Street Gainesville FL 32601 USA,FALSE
Sunset,11/21/2014,17:31:27 PM,11/21/2014,18:01:27 PM,FALSE,Sunset Calendar,530 NW 2nd Street Gainesville FL 32601 USA,FALSE
Sunset,11/22/2014,17:31:09 PM,11/22/2014,18:01:09 PM,FALSE,Sunset Calendar,530 NW 2nd Street Gainesville FL 32601 USA,FALSE
Sunset,11/23/2014,17:30:54 PM,11/23/2014,18:00:54 PM,FALSE,Sunset Calendar,530 NW 2nd Street Gainesville FL 32601 USA,FALSE
Sunset,11/24/2014,17:30:40 PM,11/24/2014,18:00:40 PM,FALSE,Sunset Calendar,530 NW 2nd Street Gainesville FL 32601 USA,FALSE
Sunset,11/25/2014,17:30:27 PM,11/25/2014,18:00:27 PM,FALSE,Sunset Calendar,530 NW 2nd Street Gainesville FL 32601 USA,FALSE
Sunset,11/26/2014,17:30:17 PM,11/26/2014,18:00:17 PM,FALSE,Sunset Calendar,530 NW 2nd Street Gainesville FL 32601 USA,FALSE
Sunset,11/27/2014,17:30:08 PM,11/27/2014,18:00:08 PM,FALSE,Sunset Calendar,530 NW 2nd Street Gainesville FL 32601 USA,FALSE
Sunset,11/28/2014,17:30:00 PM,11/28/2014,18:00:00 PM,FALSE,Sunset Calendar,530 NW 2nd Street Gainesville FL 32601 USA,FALSE
Sunset,11/29/2014,17:29:55 PM,11/29/2014,17:59:55 PM,FALSE,Sunset Calendar,530 NW 2nd Street Gainesville FL 32601 USA,FALSE
Sunset,11/30/2014,17:29:51 PM,11/30/2014,17:59:51 PM,FALSE,Sunset Calendar,530 NW 2nd Street Gainesville FL 32601 USA,FALSE
Sunset,12/1/2014,17:29:48 PM,12/1/2014,17:59:48 PM,FALSE,Sunset Calendar,530 NW 2nd Street Gainesville FL 32601 USA,FALSE
Sunset,12/2/2014,17:29:48 PM,12/2/2014,17:59:48 PM,FALSE,Sunset Calendar,530 NW 2nd Street Gainesville FL 32601 USA,FALSE
Sunset,12/3/2014,17:29:49 PM,12/3/2014,17:59:49 PM,FALSE,Sunset Calendar,530 NW 2nd Street Gainesville FL 32601 USA,FALSE
Sunset,12/4/2014,17:29:52 PM,12/4/2014,17:59:52 PM,FALSE,Sunset Calendar,530 NW 2nd Street Gainesville FL 32601 USA,FALSE
Sunset,12/5/2014,17:29:56 PM,12/5/2014,17:59:56 PM,FALSE,Sunset Calendar,530 NW 2nd Street Gainesville FL 32601 USA,FALSE
Sunset,12/6/2014,17:30:02 PM,12/6/2014,18:00:02 PM,FALSE,Sunset Calendar,530 NW 2nd Street Gainesville FL 32601 USA,FALSE
Sunset,12/7/2014,17:30:10 PM,12/7/2014,18:00:10 PM,FALSE,Sunset Calendar,530 NW 2nd Street Gainesville FL 32601 USA,FALSE
Sunset,12/8/2014,17:30:19 PM,12/8/2014,18:00:19 PM,FALSE,Sunset Calendar,530 NW 2nd Street Gainesville FL 32601 USA,FALSE
Sunset,12/9/2014,17:30:30 PM,12/9/2014,18:00:30 PM,FALSE,Sunset Calendar,530 NW 2nd Street Gainesville FL 32601 USA,FALSE
Sunset,12/10/2014,17:30:43 PM,12/10/2014,18:00:43 PM,FALSE,Sunset Calendar,530 NW 2nd Street Gainesville FL 32601 USA,FALSE
Sunset,12/11/2014,17:30:57 PM,12/11/2014,18:00:57 PM,FALSE,Sunset Calendar,530 NW 2nd Street Gainesville FL 32601 USA,FALSE
Sunset,12/12/2014,17:31:13 PM,12/12/2014,18:01:13 PM,FALSE,Sunset Calendar,530 NW 2nd Street Gainesville FL 32601 USA,FALSE
Sunset,12/13/2014,17:31:31 PM,12/13/2014,18:01:31 PM,FALSE,Sunset Calendar,530 NW 2nd Street Gainesville FL 32601 USA,FALSE
Sunset,12/14/2014,17:31:49 PM,12/14/2014,18:01:49 PM,FALSE,Sunset Calendar,530 NW 2nd Street Gainesville FL 32601 USA,FALSE
Sunset,12/15/2014,17:32:10 PM,12/15/2014,18:02:10 PM,FALSE,Sunset Calendar,530 NW 2nd Street Gainesville FL 32601 USA,FALSE
Sunset,12/16/2014,17:32:32 PM,12/16/2014,18:02:32 PM,FALSE,Sunset Calendar,530 NW 2nd Street Gainesville FL 32601 USA,FALSE
Sunset,12/17/2014,17:32:55 PM,12/17/2014,18:02:55 PM,FALSE,Sunset Calendar,530 NW 2nd Street Gainesville FL 32601 USA,FALSE
Sunset,12/18/2014,17:33:20 PM,12/18/2014,18:03:20 PM,FALSE,Sunset Calendar,530 NW 2nd Street Gainesville FL 32601 USA,FALSE
Sunset,12/19/2014,17:33:47 PM,12/19/2014,18:03:47 PM,FALSE,Sunset Calendar,530 NW 2nd Street Gainesville FL 32601 USA,FALSE
Sunset,12/20/2014,17:34:14 PM,12/20/2014,18:04:14 PM,FALSE,Sunset Calendar,530 NW 2nd Street Gainesville FL 32601 USA,FALSE
Sunset,12/21/2014,17:34:43 PM,12/21/2014,18:04:43 PM,FALSE,Sunset Calendar,530 NW 2nd Street Gainesville FL 32601 USA,FALSE
Sunset,12/22/2014,17:35:14 PM,12/22/2014,18:05:14 PM,FALSE,Sunset Calendar,530 NW 2nd Street Gainesville FL 32601 USA,FALSE
Sunset,12/23/2014,17:35:45 PM,12/23/2014,18:05:45 PM,FALSE,Sunset Calendar,530 NW 2nd Street Gainesville FL 32601 USA,FALSE
Sunset,12/24/2014,17:36:18 PM,12/24/2014,18:06:18 PM,FALSE,Sunset Calendar,530 NW 2nd Street Gainesville FL 32601 USA,FALSE
Sunset,12/25/2014,17:36:53 PM,12/25/2014,18:06:53 PM,FALSE,Sunset Calendar,530 NW 2nd Street Gainesville FL 32601 USA,FALSE
Sunset,12/26/2014,17:37:28 PM,12/26/2014,18:07:28 PM,FALSE,Sunset Calendar,530 NW 2nd Street Gainesville FL 32601 USA,FALSE
Sunset,12/27/2014,17:38:04 PM,12/27/2014,18:08:04 PM,FALSE,Sunset Calendar,530 NW 2nd Street Gainesville FL 32601 USA,FALSE
Sunset,12/28/2014,17:38:42 PM,12/28/2014,18:08:42 PM,FALSE,Sunset Calendar,530 NW 2nd Street Gainesville FL 32601 USA,FALSE
Sunset,12/29/2014,17:39:21 PM,12/29/2014,18:09:21 PM,FALSE,Sunset Calendar,530 NW 2nd Street Gainesville FL 32601 USA,FALSE
Sunset,12/30/2014,17:40:00 PM,12/30/2014,18:10:00 PM,FALSE,Sunset Calendar,530 NW 2nd Street Gainesville FL 32601 USA,FALSE
Sunset,12/31/2014,17:40:41 PM,12/31/2014,18:10:41 PM,FALSE,Sunset Calendar,530 NW 2nd Street Gainesville FL 32601 USA,FALSE
